Task ID,Private Score,Public Score,Metric,No Ensemble Score,Pooled Score,Sequence Level Task,Score Alpha 0.1,Score Alpha 1.0
time_of_day,0.0946013182401657,0.0971194431185722,mean_mse,0.0946050286293029,-1.0,False,0.0946013182401657,0.0946013182401657
strain,0.4784074603535116,0.4805554401407138,f1_score,0.458235970886059,0.5947368421052631,True,0.4784074603535116,0.4784074603535116
